,0,1,2,3,4,5,6,7,8,9,10,11,12,13,14,15,16,17,18,19,20,21,22,23,24,25,26,27,28,29,30,31,32,33,34,35,36,37,38,39,40,41,42,43,44,45,46,47,48,49
0,182.0,78.0,67.0,67.0,132.0,67.0,67.0,67.0,67.0,67.0,67.0,132.0,67.0,67.0,67.0,132.0,67.0,67.0,67.0,67.0,67.0,182.0,13.0,67.0,67.0,67.0,67.0,132.0,67.0,67.0,67.0,67.0,67.0,67.0,182.0,182.0,147.0,72.0,182.0,182.0,147.0,182.0,83.0,182.0,182.0,24.0,182.0,182.0,147.0,72.0
1,67.0,67.0,67.0,67.0,67.0,67.0,67.0,67.0,67.0,135.0,67.0,67.0,135.0,168.0,177.0,42.0,67.0,135.0,67.0,67.0,67.0,67.0,67.0,67.0,67.0,67.0,67.0,135.0,67.0,67.0,177.0,177.0,34.0,67.0,67.0,67.0,135.0,67.0,67.0,67.0,67.0,67.0,67.0,67.0,67.0,135.0,67.0,67.0,67.0,177.0
2,182.0,182.0,147.0,182.0,182.0,147.0,182.0,182.0,147.0,23.0,182.0,182.0,127.0,182.0,182.0,147.0,97.0,182.0,182.0,147.0,182.0,182.0,147.0,77.0,182.0,182.0,147.0,182.0,182.0,147.0,182.0,182.0,147.0,182.0,182.0,147.0,23.0,67.0,182.0,182.0,147.0,182.0,182.0,147.0,182.0,182.0,147.0,182.0,182.0,147.0
3,67.0,67.0,67.0,67.0,67.0,67.0,67.0,135.0,67.0,67.0,135.0,135.0,67.0,67.0,67.0,67.0,168.0,34.0,135.0,67.0,135.0,168.0,34.0,168.0,102.0,67.0,67.0,67.0,67.0,67.0,67.0,67.0,67.0,67.0,67.0,67.0,67.0,67.0,168.0,156.0,67.0,67.0,67.0,67.0,67.0,67.0,67.0,67.0,67.0,67.0
4,182.0,182.0,147.0,72.0,182.0,182.0,147.0,72.0,182.0,182.0,147.0,72.0,182.0,182.0,147.0,72.0,182.0,182.0,147.0,182.0,83.0,182.0,182.0,147.0,182.0,182.0,147.0,182.0,182.0,182.0,181.0,182.0,182.0,147.0,77.0,182.0,182.0,147.0,182.0,182.0,147.0,77.0,182.0,182.0,147.0,182.0,182.0,147.0,77.0,182.0
5,67.0,67.0,67.0,67.0,67.0,168.0,34.0,168.0,34.0,67.0,168.0,34.0,67.0,67.0,67.0,67.0,67.0,67.0,67.0,67.0,168.0,168.0,1.0,135.0,168.0,34.0,135.0,135.0,135.0,67.0,135.0,168.0,34.0,67.0,67.0,168.0,34.0,135.0,135.0,67.0,67.0,67.0,67.0,67.0,67.0,67.0,135.0,168.0,34.0,135.0
6,67.0,67.0,67.0,67.0,67.0,67.0,67.0,67.0,67.0,67.0,67.0,67.0,67.0,67.0,67.0,67.0,67.0,67.0,67.0,67.0,67.0,67.0,67.0,135.0,67.0,67.0,67.0,67.0,67.0,67.0,67.0,67.0,67.0,67.0,67.0,67.0,67.0,67.0,67.0,0.0,0.0,0.0,0.0,0.0,0.0,0.0,0.0,0.0,0.0,0.0
7,182.0,182.0,147.0,182.0,182.0,147.0,147.0,182.0,182.0,147.0,182.0,182.0,147.0,182.0,182.0,147.0,18.0,182.0,182.0,147.0,72.0,182.0,182.0,182.0,182.0,182.0,112.0,182.0,182.0,147.0,182.0,182.0,147.0,23.0,182.0,182.0,127.0,92.0,182.0,182.0,147.0,182.0,182.0,147.0,182.0,182.0,147.0,82.0,182.0,182.0
8,67.0,67.0,67.0,67.0,135.0,67.0,67.0,67.0,67.0,67.0,67.0,67.0,67.0,67.0,67.0,67.0,67.0,67.0,67.0,67.0,135.0,67.0,135.0,67.0,67.0,67.0,67.0,67.0,67.0,67.0,67.0,168.0,177.0,160.0,168.0,168.0,168.0,37.0,177.0,160.0,168.0,177.0,160.0,168.0,177.0,160.0,177.0,160.0,168.0,168.0
9,182.0,182.0,147.0,182.0,182.0,147.0,182.0,182.0,147.0,23.0,182.0,182.0,127.0,182.0,182.0,147.0,33.0,182.0,182.0,147.0,182.0,182.0,147.0,142.0,182.0,182.0,147.0,182.0,182.0,147.0,182.0,182.0,147.0,182.0,182.0,147.0,23.0,67.0,182.0,182.0,147.0,182.0,182.0,182.0,182.0,182.0,182.0,182.0,182.0,182.0
10,67.0,67.0,67.0,67.0,67.0,168.0,163.0,168.0,168.0,115.0,132.0,168.0,168.0,115.0,168.0,177.0,107.0,177.0,18.0,177.0,160.0,51.0,177.0,160.0,168.0,168.0,177.0,160.0,154.0,177.0,160.0,168.0,168.0,168.0,130.0,168.0,177.0,160.0,168.0,106.0,177.0,177.0,98.0,177.0,160.0,168.0,79.0,177.0,160.0,177.0
11,67.0,67.0,132.0,67.0,67.0,67.0,67.0,67.0,67.0,67.0,67.0,67.0,67.0,67.0,67.0,67.0,67.0,67.0,67.0,67.0,67.0,67.0,67.0,67.0,67.0,67.0,67.0,67.0,67.0,67.0,67.0,67.0,67.0,67.0,67.0,67.0,67.0,67.0,67.0,67.0,67.0,67.0,67.0,67.0,67.0,67.0,67.0,67.0,67.0,67.0
12,168.0,168.0,177.0,80.0,177.0,160.0,177.0,160.0,168.0,177.0,160.0,168.0,177.0,160.0,168.0,168.0,177.0,160.0,177.0,130.0,177.0,177.0,151.0,177.0,160.0,168.0,168.0,177.0,177.0,151.0,168.0,177.0,160.0,168.0,177.0,160.0,177.0,160.0,168.0,168.0,177.0,160.0,168.0,177.0,177.0,1.0,177.0,177.0,151.0,177.0
13,67.0,67.0,67.0,67.0,67.0,67.0,67.0,67.0,67.0,67.0,67.0,67.0,67.0,67.0,67.0,67.0,67.0,67.0,67.0,67.0,67.0,67.0,67.0,67.0,67.0,67.0,67.0,67.0,67.0,67.0,67.0,67.0,67.0,67.0,67.0,67.0,67.0,67.0,67.0,67.0,67.0,67.0,67.0,67.0,67.0,67.0,67.0,67.0,67.0,67.0
14,67.0,67.0,182.0,182.0,147.0,182.0,182.0,147.0,182.0,182.0,147.0,82.0,182.0,182.0,24.0,182.0,182.0,147.0,182.0,182.0,147.0,182.0,88.0,182.0,13.0,182.0,182.0,147.0,182.0,182.0,147.0,182.0,182.0,34.0,182.0,13.0,182.0,182.0,147.0,182.0,182.0,182.0,182.0,182.0,63.0,182.0,182.0,147.0,182.0,182.0
15,67.0,67.0,67.0,67.0,67.0,67.0,135.0,67.0,67.0,67.0,67.0,67.0,67.0,67.0,135.0,67.0,67.0,135.0,135.0,135.0,67.0,168.0,34.0,67.0,168.0,102.0,168.0,34.0,67.0,168.0,102.0,168.0,34.0,135.0,67.0,135.0,135.0,67.0,67.0,135.0,135.0,67.0,67.0,168.0,34.0,168.0,34.0,67.0,135.0,168.0
16,67.0,182.0,182.0,147.0,182.0,182.0,147.0,182.0,182.0,182.0,43.0,182.0,182.0,147.0,77.0,182.0,182.0,182.0,182.0,182.0,112.0,77.0,182.0,182.0,147.0,182.0,182.0,147.0,77.0,182.0,182.0,147.0,182.0,83.0,182.0,182.0,147.0,182.0,182.0,97.0,182.0,182.0,147.0,72.0,182.0,182.0,147.0,182.0,182.0,182.0
17,67.0,67.0,67.0,135.0,67.0,67.0,168.0,102.0,168.0,34.0,135.0,67.0,168.0,34.0,168.0,34.0,168.0,102.0,168.0,168.0,69.0,67.0,135.0,168.0,102.0,67.0,135.0,168.0,34.0,168.0,168.0,1.0,67.0,67.0,135.0,135.0,135.0,177.0,160.0,1.0,168.0,34.0,67.0,168.0,102.0,67.0,177.0,160.0,1.0,168.0
18,67.0,67.0,67.0,67.0,67.0,67.0,67.0,67.0,67.0,67.0,67.0,67.0,67.0,67.0,67.0,67.0,67.0,67.0,67.0,67.0,67.0,67.0,67.0,67.0,67.0,67.0,67.0,67.0,67.0,67.0,67.0,67.0,67.0,67.0,67.0,67.0,67.0,67.0,67.0,67.0,67.0,67.0,67.0,67.0,67.0,67.0,67.0,67.0,67.0,67.0
19,168.0,177.0,160.0,177.0,177.0,55.0,168.0,177.0,42.0,177.0,177.0,151.0,177.0,5.0,155.0,168.0,168.0,177.0,160.0,168.0,177.0,160.0,177.0,139.0,177.0,160.0,177.0,177.0,151.0,168.0,177.0,160.0,177.0,160.0,168.0,103.0,168.0,168.0,51.0,168.0,177.0,177.0,151.0,177.0,177.0,151.0,177.0,160.0,168.0,168.0
20,132.0,67.0,132.0,67.0,67.0,132.0,67.0,132.0,67.0,67.0,132.0,67.0,67.0,182.0,13.0,67.0,67.0,67.0,67.0,67.0,182.0,182.0,147.0,72.0,182.0,182.0,147.0,72.0,182.0,182.0,147.0,72.0,182.0,182.0,147.0,72.0,182.0,182.0,147.0,72.0,182.0,182.0,147.0,182.0,86.0,182.0,182.0,147.0,182.0,182.0
21,67.0,135.0,67.0,67.0,67.0,67.0,67.0,67.0,67.0,67.0,67.0,67.0,67.0,67.0,67.0,67.0,67.0,67.0,67.0,67.0,67.0,67.0,67.0,67.0,67.0,168.0,34.0,67.0,67.0,135.0,168.0,102.0,135.0,168.0,31.0,135.0,168.0,34.0,67.0,168.0,34.0,67.0,67.0,67.0,67.0,67.0,168.0,102.0,67.0,168.0
22,182.0,182.0,147.0,182.0,182.0,182.0,182.0,182.0,182.0,182.0,182.0,101.0,142.0,182.0,182.0,147.0,182.0,182.0,93.0,182.0,182.0,147.0,182.0,182.0,147.0,182.0,182.0,147.0,182.0,182.0,147.0,23.0,182.0,13.0,182.0,182.0,147.0,182.0,182.0,147.0,182.0,182.0,147.0,182.0,182.0,103.0,182.0,182.0,147.0,182.0
23,67.0,67.0,67.0,67.0,67.0,67.0,67.0,67.0,67.0,67.0,67.0,67.0,67.0,67.0,67.0,132.0,67.0,67.0,67.0,67.0,67.0,67.0,67.0,67.0,67.0,67.0,67.0,67.0,67.0,67.0,67.0,67.0,67.0,67.0,67.0,67.0,67.0,67.0,67.0,67.0,67.0,67.0,67.0,67.0,67.0,67.0,67.0,67.0,67.0,168.0
24,182.0,182.0,182.0,182.0,182.0,182.0,182.0,18.0,182.0,182.0,147.0,182.0,182.0,39.0,182.0,13.0,182.0,182.0,147.0,182.0,182.0,147.0,182.0,182.0,147.0,182.0,182.0,147.0,23.0,182.0,182.0,127.0,182.0,182.0,113.0,182.0,182.0,147.0,182.0,182.0,147.0,182.0,23.0,182.0,182.0,147.0,182.0,182.0,147.0,182.0
25,67.0,67.0,67.0,67.0,67.0,67.0,168.0,99.0,67.0,135.0,168.0,168.0,69.0,67.0,67.0,168.0,34.0,67.0,168.0,34.0,177.0,160.0,168.0,36.0,67.0,135.0,135.0,135.0,168.0,102.0,177.0,160.0,1.0,67.0,168.0,34.0,67.0,168.0,34.0,67.0,67.0,168.0,102.0,168.0,168.0,1.0,135.0,168.0,34.0,67.0
26,182.0,182.0,147.0,72.0,182.0,182.0,147.0,72.0,182.0,182.0,147.0,72.0,182.0,182.0,147.0,72.0,182.0,182.0,147.0,182.0,182.0,147.0,182.0,88.0,182.0,182.0,147.0,182.0,182.0,147.0,182.0,182.0,147.0,182.0,182.0,103.0,182.0,182.0,147.0,182.0,182.0,147.0,182.0,182.0,147.0,182.0,182.0,147.0,23.0,132.0
27,67.0,67.0,67.0,168.0,102.0,135.0,168.0,34.0,135.0,168.0,34.0,168.0,168.0,1.0,168.0,102.0,67.0,168.0,168.0,1.0,168.0,34.0,168.0,102.0,135.0,135.0,177.0,160.0,1.0,168.0,102.0,67.0,168.0,102.0,168.0,99.0,135.0,168.0,34.0,168.0,102.0,168.0,34.0,67.0,67.0,67.0,67.0,67.0,67.0,67.0
28,132.0,67.0,67.0,67.0,132.0,67.0,67.0,67.0,67.0,67.0,67.0,67.0,132.0,67.0,67.0,67.0,67.0,67.0,67.0,132.0,67.0,67.0,182.0,182.0,147.0,72.0,182.0,182.0,147.0,72.0,182.0,182.0,147.0,72.0,182.0,182.0,147.0,182.0,182.0,93.0,182.0,13.0,182.0,182.0,182.0,38.0,182.0,182.0,147.0,72.0
29,177.0,177.0,98.0,67.0,67.0,67.0,67.0,67.0,67.0,67.0,67.0,67.0,67.0,67.0,67.0,168.0,99.0,67.0,67.0,67.0,67.0,67.0,67.0,67.0,67.0,67.0,168.0,34.0,168.0,34.0,135.0,135.0,67.0,67.0,135.0,67.0,67.0,67.0,67.0,67.0,135.0,168.0,168.0,168.0,168.0,3.0,67.0,67.0,177.0,160.0
30,67.0,67.0,132.0,67.0,67.0,67.0,67.0,67.0,67.0,67.0,67.0,67.0,67.0,182.0,182.0,147.0,72.0,182.0,182.0,147.0,72.0,182.0,182.0,147.0,182.0,86.0,182.0,182.0,24.0,182.0,182.0,147.0,72.0,182.0,182.0,147.0,72.0,182.0,182.0,147.0,182.0,182.0,147.0,182.0,182.0,147.0,182.0,182.0,147.0,23.0
31,67.0,67.0,67.0,67.0,67.0,67.0,67.0,67.0,67.0,67.0,67.0,67.0,67.0,67.0,67.0,67.0,67.0,67.0,168.0,34.0,67.0,135.0,135.0,168.0,168.0,69.0,168.0,168.0,1.0,67.0,168.0,168.0,69.0,177.0,160.0,168.0,36.0,67.0,135.0,168.0,168.0,69.0,67.0,177.0,160.0,69.0,168.0,34.0,168.0,168.0
32,67.0,67.0,67.0,67.0,67.0,67.0,67.0,182.0,182.0,147.0,72.0,182.0,182.0,147.0,182.0,182.0,182.0,38.0,72.0,182.0,182.0,147.0,182.0,182.0,147.0,77.0,182.0,182.0,147.0,182.0,182.0,147.0,77.0,182.0,182.0,147.0,182.0,182.0,147.0,77.0,182.0,182.0,147.0,182.0,182.0,182.0,38.0,182.0,182.0,182.0
33,67.0,67.0,67.0,67.0,67.0,67.0,67.0,67.0,67.0,168.0,34.0,168.0,34.0,135.0,168.0,34.0,67.0,135.0,135.0,168.0,168.0,168.0,36.0,168.0,34.0,67.0,67.0,168.0,34.0,168.0,102.0,67.0,168.0,102.0,135.0,168.0,168.0,1.0,168.0,34.0,135.0,168.0,102.0,168.0,34.0,135.0,168.0,102.0,67.0,168.0
34,67.0,67.0,182.0,182.0,147.0,72.0,182.0,182.0,147.0,182.0,182.0,147.0,182.0,182.0,182.0,43.0,182.0,182.0,147.0,77.0,182.0,182.0,147.0,182.0,182.0,147.0,182.0,182.0,147.0,182.0,182.0,147.0,77.0,182.0,182.0,147.0,182.0,182.0,147.0,77.0,182.0,182.0,147.0,182.0,182.0,182.0,182.0,182.0,182.0,13.0
35,67.0,67.0,67.0,67.0,135.0,135.0,168.0,168.0,1.0,168.0,34.0,67.0,168.0,34.0,168.0,168.0,66.0,135.0,168.0,34.0,135.0,168.0,168.0,1.0,168.0,34.0,168.0,34.0,168.0,34.0,168.0,34.0,135.0,168.0,34.0,177.0,160.0,1.0,168.0,102.0,135.0,168.0,34.0,168.0,167.0,135.0,168.0,168.0,1.0,135.0
36,67.0,67.0,67.0,67.0,67.0,67.0,67.0,67.0,67.0,135.0,67.0,67.0,67.0,67.0,67.0,135.0,67.0,67.0,67.0,67.0,67.0,67.0,135.0,135.0,67.0,135.0,67.0,67.0,67.0,67.0,67.0,67.0,67.0,67.0,67.0,67.0,67.0,67.0,135.0,135.0,67.0,135.0,168.0,34.0,67.0,67.0,135.0,135.0,67.0,67.0
37,67.0,67.0,67.0,67.0,67.0,182.0,182.0,147.0,182.0,182.0,182.0,38.0,182.0,182.0,97.0,182.0,182.0,24.0,182.0,182.0,24.0,182.0,182.0,147.0,182.0,86.0,182.0,182.0,24.0,182.0,13.0,182.0,182.0,24.0,182.0,182.0,147.0,72.0,182.0,182.0,147.0,182.0,182.0,182.0,38.0,72.0,182.0,182.0,147.0,72.0
38,182.0,127.0,182.0,103.0,182.0,182.0,147.0,182.0,182.0,147.0,182.0,182.0,34.0,182.0,182.0,147.0,182.0,182.0,147.0,182.0,182.0,147.0,182.0,93.0,182.0,142.0,182.0,182.0,147.0,182.0,182.0,147.0,182.0,182.0,147.0,182.0,182.0,147.0,23.0,182.0,182.0,127.0,182.0,167.0,182.0,182.0,147.0,182.0,182.0,147.0
39,67.0,67.0,67.0,67.0,67.0,67.0,67.0,67.0,67.0,67.0,67.0,67.0,67.0,67.0,67.0,67.0,67.0,67.0,67.0,67.0,67.0,67.0,67.0,67.0,67.0,67.0,67.0,67.0,67.0,67.0,135.0,168.0,34.0,67.0,67.0,168.0,34.0,135.0,67.0,135.0,67.0,135.0,67.0,135.0,67.0,168.0,34.0,67.0,67.0,135.0
40,67.0,67.0,67.0,67.0,67.0,67.0,67.0,67.0,67.0,67.0,67.0,67.0,132.0,67.0,67.0,135.0,168.0,102.0,168.0,102.0,67.0,132.0,67.0,135.0,67.0,67.0,135.0,67.0,135.0,135.0,67.0,135.0,135.0,135.0,168.0,102.0,135.0,135.0,67.0,135.0,135.0,168.0,34.0,135.0,168.0,168.0,1.0,135.0,67.0,67.0
41,67.0,182.0,182.0,147.0,182.0,182.0,93.0,182.0,182.0,147.0,137.0,182.0,182.0,147.0,182.0,182.0,147.0,182.0,182.0,147.0,18.0,182.0,182.0,147.0,182.0,182.0,182.0,182.0,182.0,112.0,182.0,182.0,182.0,182.0,182.0,182.0,155.0,182.0,13.0,182.0,182.0,147.0,72.0,182.0,182.0,147.0,182.0,182.0,182.0,182.0
42,67.0,67.0,67.0,67.0,67.0,67.0,67.0,67.0,67.0,67.0,67.0,67.0,67.0,67.0,135.0,67.0,67.0,67.0,67.0,67.0,67.0,67.0,168.0,34.0,67.0,67.0,67.0,67.0,67.0,67.0,67.0,67.0,67.0,168.0,168.0,1.0,135.0,67.0,168.0,168.0,1.0,67.0,168.0,168.0,1.0,67.0,168.0,102.0,168.0,168.0
43,67.0,67.0,67.0,67.0,132.0,67.0,67.0,67.0,67.0,67.0,132.0,67.0,67.0,67.0,67.0,67.0,67.0,67.0,67.0,67.0,67.0,67.0,182.0,182.0,147.0,72.0,182.0,182.0,147.0,182.0,182.0,147.0,13.0,182.0,182.0,147.0,182.0,182.0,147.0,182.0,182.0,147.0,147.0,182.0,182.0,147.0,182.0,182.0,93.0,182.0
44,67.0,135.0,67.0,135.0,135.0,67.0,67.0,67.0,67.0,67.0,67.0,67.0,135.0,67.0,67.0,67.0,67.0,67.0,67.0,135.0,135.0,67.0,67.0,168.0,34.0,67.0,67.0,67.0,67.0,67.0,67.0,67.0,67.0,67.0,135.0,168.0,34.0,135.0,135.0,67.0,67.0,67.0,67.0,67.0,67.0,168.0,102.0,67.0,67.0,67.0
45,182.0,182.0,147.0,182.0,182.0,147.0,182.0,182.0,147.0,182.0,28.0,182.0,182.0,147.0,182.0,182.0,147.0,182.0,182.0,147.0,182.0,182.0,147.0,23.0,182.0,182.0,127.0,182.0,182.0,147.0,182.0,182.0,147.0,182.0,182.0,147.0,43.0,182.0,182.0,107.0,112.0,182.0,182.0,147.0,182.0,182.0,147.0,182.0,182.0,147.0
46,67.0,67.0,67.0,67.0,132.0,67.0,67.0,67.0,132.0,67.0,67.0,67.0,67.0,67.0,67.0,67.0,67.0,67.0,67.0,67.0,67.0,67.0,67.0,67.0,67.0,67.0,67.0,67.0,67.0,67.0,67.0,67.0,67.0,67.0,67.0,67.0,67.0,67.0,67.0,67.0,67.0,135.0,67.0,67.0,67.0,168.0,34.0,168.0,34.0,67.0
47,67.0,67.0,132.0,67.0,67.0,67.0,67.0,67.0,67.0,182.0,182.0,147.0,72.0,182.0,182.0,147.0,182.0,182.0,182.0,182.0,182.0,182.0,76.0,182.0,182.0,182.0,38.0,182.0,182.0,147.0,182.0,182.0,147.0,182.0,182.0,147.0,23.0,182.0,182.0,127.0,28.0,182.0,182.0,147.0,182.0,18.0,182.0,182.0,147.0,72.0
48,177.0,177.0,177.0,177.0,25.0,177.0,177.0,177.0,177.0,177.0,177.0,177.0,177.0,177.0,177.0,177.0,177.0,177.0,65.0,177.0,177.0,177.0,177.0,177.0,177.0,177.0,177.0,177.0,177.0,177.0,177.0,177.0,177.0,177.0,177.0,177.0,177.0,177.0,177.0,177.0,177.0,177.0,177.0,177.0,177.0,177.0,177.0,177.0,177.0,177.0
49,67.0,67.0,132.0,67.0,132.0,67.0,67.0,67.0,182.0,182.0,147.0,72.0,182.0,182.0,147.0,72.0,182.0,182.0,147.0,182.0,182.0,182.0,38.0,182.0,182.0,182.0,38.0,72.0,182.0,182.0,147.0,72.0,182.0,182.0,147.0,72.0,182.0,182.0,182.0,38.0,182.0,182.0,147.0,72.0,182.0,182.0,147.0,72.0,182.0,182.0
50,67.0,67.0,168.0,177.0,160.0,168.0,168.0,177.0,21.0,168.0,177.0,177.0,151.0,168.0,168.0,177.0,5.0,155.0,177.0,160.0,177.0,160.0,177.0,160.0,177.0,160.0,168.0,177.0,160.0,168.0,177.0,160.0,177.0,160.0,168.0,177.0,160.0,177.0,160.0,177.0,160.0,177.0,5.0,155.0,168.0,177.0,160.0,168.0,168.0,177.0
51,67.0,67.0,67.0,67.0,67.0,67.0,67.0,67.0,67.0,67.0,67.0,67.0,67.0,67.0,67.0,132.0,67.0,132.0,67.0,67.0,67.0,67.0,67.0,67.0,67.0,67.0,67.0,67.0,67.0,67.0,67.0,67.0,67.0,67.0,67.0,67.0,67.0,67.0,67.0,67.0,67.0,67.0,67.0,67.0,67.0,67.0,67.0,67.0,67.0,67.0
52,132.0,67.0,67.0,67.0,67.0,67.0,132.0,67.0,67.0,67.0,67.0,67.0,67.0,67.0,67.0,67.0,67.0,67.0,67.0,67.0,132.0,67.0,67.0,67.0,67.0,67.0,177.0,160.0,177.0,177.0,28.0,168.0,168.0,168.0,177.0,160.0,168.0,177.0,160.0,177.0,160.0,147.0,177.0,177.0,151.0,177.0,177.0,151.0,168.0,129.0
53,67.0,132.0,67.0,67.0,67.0,67.0,67.0,67.0,67.0,67.0,67.0,67.0,67.0,67.0,67.0,67.0,67.0,132.0,67.0,132.0,67.0,67.0,67.0,67.0,67.0,67.0,67.0,67.0,67.0,67.0,132.0,67.0,67.0,67.0,67.0,67.0,67.0,67.0,67.0,67.0,67.0,67.0,67.0,67.0,67.0,67.0,67.0,67.0,67.0,67.0
54,67.0,67.0,67.0,67.0,67.0,67.0,135.0,135.0,67.0,67.0,135.0,67.0,67.0,67.0,67.0,67.0,135.0,135.0,67.0,67.0,67.0,135.0,135.0,67.0,135.0,168.0,102.0,135.0,67.0,177.0,160.0,168.0,104.0,67.0,168.0,34.0,168.0,34.0,135.0,135.0,168.0,34.0,135.0,67.0,177.0,160.0,1.0,168.0,102.0,67.0
55,182.0,182.0,147.0,182.0,182.0,147.0,82.0,182.0,182.0,147.0,182.0,182.0,147.0,182.0,182.0,147.0,147.0,182.0,13.0,182.0,182.0,147.0,182.0,182.0,147.0,182.0,182.0,34.0,182.0,13.0,182.0,182.0,147.0,182.0,182.0,147.0,182.0,182.0,98.0,182.0,182.0,147.0,72.0,182.0,182.0,147.0,182.0,182.0,147.0,13.0
56,67.0,67.0,67.0,67.0,67.0,67.0,67.0,67.0,168.0,168.0,168.0,168.0,3.0,67.0,67.0,135.0,67.0,67.0,67.0,135.0,168.0,34.0,135.0,67.0,168.0,34.0,67.0,168.0,102.0,135.0,135.0,168.0,34.0,67.0,67.0,67.0,67.0,168.0,34.0,67.0,67.0,67.0,67.0,67.0,168.0,34.0,67.0,168.0,34.0,135.0
57,147.0,182.0,182.0,147.0,182.0,182.0,147.0,82.0,182.0,182.0,147.0,182.0,182.0,147.0,182.0,182.0,147.0,147.0,182.0,182.0,147.0,72.0,182.0,182.0,147.0,182.0,182.0,147.0,77.0,182.0,182.0,147.0,182.0,182.0,147.0,182.0,182.0,147.0,147.0,182.0,182.0,147.0,182.0,182.0,147.0,182.0,182.0,182.0,48.0,182.0
58,67.0,67.0,67.0,67.0,67.0,67.0,67.0,67.0,67.0,67.0,67.0,67.0,67.0,135.0,67.0,67.0,67.0,67.0,67.0,168.0,34.0,168.0,34.0,67.0,67.0,67.0,67.0,67.0,67.0,67.0,67.0,168.0,34.0,168.0,102.0,67.0,168.0,34.0,67.0,67.0,135.0,67.0,67.0,67.0,67.0,67.0,135.0,67.0,67.0,168.0
59,182.0,182.0,147.0,182.0,182.0,147.0,182.0,182.0,147.0,182.0,182.0,147.0,23.0,182.0,182.0,127.0,92.0,182.0,182.0,147.0,182.0,182.0,147.0,182.0,182.0,147.0,82.0,182.0,182.0,147.0,182.0,182.0,147.0,182.0,182.0,147.0,82.0,182.0,182.0,147.0,8.0,182.0,182.0,147.0,182.0,182.0,147.0,182.0,182.0,147.0
60,67.0,67.0,67.0,132.0,67.0,67.0,67.0,67.0,67.0,67.0,67.0,67.0,67.0,67.0,67.0,67.0,67.0,67.0,67.0,67.0,67.0,67.0,67.0,67.0,67.0,67.0,67.0,67.0,67.0,67.0,67.0,67.0,67.0,67.0,67.0,177.0,160.0,51.0,168.0,31.0,67.0,67.0,67.0,67.0,67.0,67.0,67.0,67.0,67.0,67.0
61,67.0,67.0,67.0,67.0,67.0,67.0,182.0,182.0,147.0,72.0,182.0,182.0,147.0,182.0,182.0,182.0,182.0,182.0,182.0,76.0,72.0,182.0,182.0,147.0,72.0,182.0,182.0,147.0,182.0,182.0,147.0,182.0,182.0,147.0,182.0,182.0,147.0,23.0,182.0,182.0,127.0,182.0,182.0,147.0,182.0,182.0,182.0,127.0,182.0,182.0
62,67.0,67.0,67.0,67.0,67.0,67.0,132.0,67.0,67.0,182.0,13.0,67.0,67.0,67.0,67.0,67.0,67.0,182.0,182.0,147.0,182.0,182.0,182.0,38.0,182.0,182.0,182.0,38.0,72.0,182.0,182.0,147.0,182.0,182.0,147.0,77.0,182.0,182.0,147.0,182.0,182.0,147.0,182.0,182.0,182.0,43.0,182.0,182.0,147.0,182.0
63,67.0,177.0,18.0,135.0,67.0,67.0,67.0,67.0,67.0,132.0,67.0,67.0,67.0,67.0,67.0,67.0,67.0,67.0,67.0,67.0,67.0,67.0,168.0,34.0,67.0,67.0,67.0,135.0,135.0,67.0,168.0,102.0,67.0,177.0,160.0,1.0,67.0,135.0,67.0,67.0,67.0,67.0,177.0,160.0,168.0,104.0,177.0,160.0,1.0,67.0
64,182.0,182.0,147.0,182.0,182.0,147.0,182.0,182.0,147.0,182.0,182.0,147.0,23.0,182.0,182.0,127.0,182.0,182.0,147.0,97.0,182.0,182.0,147.0,182.0,182.0,147.0,77.0,182.0,182.0,147.0,182.0,182.0,147.0,182.0,182.0,147.0,182.0,182.0,147.0,23.0,67.0,182.0,182.0,147.0,182.0,182.0,147.0,182.0,182.0,147.0
65,67.0,67.0,67.0,67.0,67.0,67.0,67.0,67.0,177.0,160.0,168.0,168.0,3.0,135.0,67.0,67.0,67.0,135.0,168.0,34.0,67.0,67.0,67.0,67.0,168.0,168.0,69.0,67.0,67.0,67.0,168.0,34.0,67.0,135.0,135.0,67.0,67.0,67.0,67.0,67.0,67.0,67.0,67.0,67.0,135.0,168.0,34.0,67.0,67.0,67.0
66,67.0,67.0,67.0,67.0,67.0,67.0,67.0,67.0,67.0,132.0,132.0,67.0,132.0,67.0,67.0,132.0,67.0,135.0,67.0,132.0,67.0,67.0,67.0,67.0,67.0,67.0,67.0,67.0,67.0,67.0,0.0,0.0,0.0,0.0,0.0,0.0,0.0,0.0,0.0,0.0,0.0,0.0,0.0,0.0,0.0,0.0,0.0,0.0,0.0,0.0
67,67.0,67.0,67.0,67.0,67.0,67.0,67.0,67.0,67.0,67.0,67.0,67.0,67.0,67.0,132.0,67.0,67.0,67.0,67.0,132.0,67.0,67.0,67.0,177.0,177.0,98.0,67.0,67.0,67.0,67.0,67.0,67.0,67.0,67.0,67.0,67.0,135.0,67.0,67.0,67.0,67.0,0.0,0.0,0.0,0.0,0.0,0.0,0.0,0.0,0.0
68,132.0,67.0,132.0,67.0,132.0,67.0,132.0,67.0,67.0,132.0,67.0,67.0,67.0,67.0,67.0,67.0,67.0,67.0,67.0,67.0,67.0,67.0,182.0,182.0,147.0,72.0,182.0,182.0,147.0,72.0,182.0,182.0,147.0,182.0,182.0,147.0,77.0,182.0,182.0,147.0,182.0,182.0,147.0,77.0,182.0,182.0,147.0,72.0,182.0,182.0
69,132.0,67.0,67.0,67.0,67.0,67.0,67.0,67.0,177.0,18.0,67.0,135.0,177.0,160.0,51.0,67.0,67.0,67.0,67.0,67.0,67.0,67.0,67.0,67.0,67.0,135.0,67.0,67.0,67.0,135.0,132.0,135.0,67.0,67.0,168.0,31.0,132.0,135.0,132.0,67.0,67.0,135.0,67.0,168.0,31.0,168.0,27.0,67.0,67.0,67.0
70,177.0,160.0,51.0,177.0,160.0,168.0,168.0,168.0,168.0,177.0,160.0,168.0,166.0,177.0,160.0,177.0,160.0,168.0,168.0,177.0,160.0,177.0,160.0,168.0,168.0,177.0,160.0,165.0,177.0,160.0,168.0,79.0,168.0,177.0,160.0,177.0,160.0,168.0,177.0,160.0,168.0,168.0,61.0,177.0,160.0,177.0,160.0,168.0,177.0,160.0
71,67.0,67.0,67.0,67.0,67.0,67.0,67.0,67.0,67.0,67.0,67.0,67.0,67.0,67.0,67.0,67.0,67.0,67.0,67.0,67.0,67.0,67.0,67.0,67.0,67.0,67.0,67.0,67.0,67.0,67.0,67.0,67.0,67.0,67.0,67.0,67.0,67.0,67.0,67.0,67.0,67.0,67.0,67.0,67.0,67.0,67.0,67.0,67.0,67.0,67.0
72,177.0,177.0,177.0,177.0,177.0,177.0,177.0,177.0,90.0,177.0,160.0,177.0,160.0,177.0,160.0,168.0,177.0,160.0,168.0,168.0,177.0,177.0,151.0,177.0,177.0,151.0,177.0,160.0,168.0,177.0,160.0,177.0,160.0,168.0,177.0,177.0,151.0,177.0,177.0,151.0,168.0,168.0,168.0,177.0,177.0,151.0,177.0,160.0,177.0,160.0
73,67.0,67.0,67.0,67.0,67.0,67.0,67.0,67.0,67.0,67.0,67.0,67.0,67.0,67.0,67.0,67.0,67.0,67.0,67.0,67.0,67.0,67.0,67.0,67.0,67.0,67.0,67.0,67.0,67.0,67.0,67.0,67.0,67.0,67.0,67.0,67.0,67.0,67.0,67.0,67.0,67.0,67.0,67.0,67.0,67.0,67.0,67.0,67.0,67.0,67.0
74,67.0,135.0,177.0,160.0,51.0,67.0,67.0,67.0,132.0,67.0,67.0,67.0,67.0,67.0,132.0,67.0,67.0,168.0,31.0,67.0,168.0,95.0,135.0,168.0,91.0,168.0,91.0,168.0,27.0,135.0,67.0,168.0,159.0,168.0,31.0,67.0,135.0,67.0,135.0,135.0,168.0,27.0,135.0,67.0,135.0,135.0,67.0,135.0,132.0,168.0
75,67.0,67.0,67.0,67.0,132.0,67.0,67.0,67.0,67.0,67.0,67.0,67.0,182.0,182.0,147.0,137.0,182.0,182.0,147.0,72.0,182.0,182.0,147.0,72.0,182.0,182.0,147.0,72.0,182.0,182.0,147.0,182.0,182.0,147.0,182.0,182.0,182.0,182.0,182.0,182.0,182.0,182.0,182.0,182.0,182.0,182.0,182.0,47.0,182.0,182.0
76,67.0,67.0,132.0,67.0,67.0,67.0,67.0,67.0,67.0,182.0,182.0,147.0,72.0,182.0,182.0,147.0,182.0,182.0,182.0,38.0,72.0,182.0,182.0,147.0,182.0,182.0,182.0,38.0,182.0,182.0,147.0,77.0,182.0,182.0,147.0,182.0,182.0,147.0,77.0,182.0,182.0,147.0,72.0,182.0,182.0,147.0,72.0,182.0,182.0,147.0
77,135.0,67.0,67.0,132.0,67.0,67.0,67.0,67.0,67.0,67.0,67.0,67.0,168.0,159.0,168.0,95.0,67.0,168.0,95.0,132.0,135.0,67.0,168.0,159.0,67.0,177.0,160.0,55.0,67.0,168.0,95.0,67.0,159.0,168.0,31.0,168.0,91.0,168.0,31.0,67.0,168.0,31.0,168.0,91.0,168.0,95.0,132.0,168.0,95.0,67.0
78,72.0,182.0,182.0,147.0,72.0,182.0,182.0,147.0,182.0,182.0,147.0,182.0,182.0,182.0,43.0,182.0,182.0,147.0,77.0,182.0,182.0,147.0,147.0,182.0,182.0,147.0,82.0,182.0,182.0,147.0,182.0,182.0,147.0,182.0,182.0,147.0,182.0,93.0,182.0,182.0,147.0,182.0,182.0,147.0,182.0,182.0,147.0,182.0,182.0,147.0
79,67.0,67.0,168.0,27.0,168.0,159.0,168.0,27.0,168.0,31.0,135.0,168.0,27.0,135.0,168.0,27.0,168.0,95.0,67.0,168.0,168.0,55.0,67.0,67.0,168.0,95.0,67.0,168.0,159.0,67.0,67.0,168.0,168.0,55.0,168.0,91.0,168.0,31.0,67.0,168.0,31.0,168.0,159.0,67.0,168.0,159.0,67.0,168.0,95.0,67.0
80,177.0,142.0,177.0,160.0,168.0,168.0,168.0,177.0,160.0,177.0,160.0,177.0,177.0,151.0,177.0,177.0,151.0,177.0,160.0,177.0,160.0,177.0,177.0,151.0,177.0,160.0,168.0,168.0,168.0,168.0,177.0,160.0,177.0,160.0,168.0,168.0,177.0,160.0,177.0,160.0,177.0,177.0,177.0,142.0,177.0,160.0,168.0,168.0,177.0,21.0
81,67.0,67.0,67.0,182.0,182.0,147.0,72.0,182.0,182.0,147.0,72.0,182.0,182.0,147.0,72.0,182.0,182.0,147.0,72.0,182.0,182.0,147.0,182.0,182.0,182.0,38.0,182.0,182.0,182.0,38.0,72.0,182.0,182.0,182.0,182.0,182.0,182.0,182.0,182.0,182.0,182.0,182.0,125.0,72.0,182.0,182.0,147.0,182.0,182.0,147.0
82,132.0,67.0,67.0,67.0,67.0,67.0,67.0,67.0,67.0,67.0,67.0,67.0,67.0,67.0,67.0,67.0,67.0,67.0,67.0,67.0,67.0,67.0,67.0,67.0,67.0,67.0,67.0,67.0,67.0,67.0,67.0,67.0,67.0,67.0,67.0,67.0,67.0,67.0,67.0,67.0,67.0,67.0,67.0,67.0,67.0,67.0,67.0,67.0,67.0,67.0
83,67.0,67.0,67.0,67.0,67.0,67.0,67.0,67.0,67.0,132.0,67.0,67.0,168.0,168.0,177.0,160.0,168.0,168.0,168.0,177.0,160.0,168.0,168.0,177.0,160.0,177.0,160.0,168.0,177.0,160.0,168.0,177.0,160.0,168.0,168.0,168.0,168.0,168.0,177.0,160.0,177.0,160.0,177.0,177.0,151.0,177.0,177.0,177.0,177.0,177.0
84,67.0,67.0,67.0,67.0,67.0,67.0,67.0,67.0,67.0,67.0,67.0,67.0,67.0,67.0,67.0,67.0,67.0,67.0,67.0,67.0,67.0,67.0,67.0,67.0,67.0,67.0,67.0,67.0,67.0,67.0,67.0,67.0,67.0,67.0,67.0,67.0,67.0,67.0,67.0,67.0,67.0,67.0,67.0,67.0,67.0,67.0,67.0,67.0,67.0,67.0
85,168.0,177.0,160.0,177.0,177.0,151.0,168.0,177.0,160.0,168.0,177.0,160.0,168.0,168.0,168.0,177.0,177.0,151.0,177.0,160.0,177.0,160.0,177.0,160.0,177.0,160.0,177.0,160.0,177.0,160.0,168.0,168.0,177.0,160.0,177.0,160.0,177.0,160.0,168.0,168.0,168.0,177.0,160.0,177.0,160.0,168.0,168.0,168.0,168.0,168.0
86,67.0,177.0,160.0,172.0,177.0,160.0,177.0,160.0,168.0,168.0,177.0,177.0,151.0,168.0,168.0,177.0,160.0,177.0,160.0,177.0,177.0,177.0,177.0,177.0,177.0,177.0,177.0,177.0,177.0,81.0,168.0,168.0,177.0,160.0,177.0,160.0,168.0,168.0,177.0,160.0,177.0,160.0,177.0,160.0,168.0,177.0,160.0,168.0,177.0,160.0
87,67.0,67.0,67.0,67.0,67.0,67.0,132.0,67.0,132.0,67.0,67.0,67.0,67.0,67.0,67.0,67.0,67.0,67.0,67.0,67.0,67.0,67.0,67.0,67.0,67.0,67.0,67.0,67.0,67.0,67.0,67.0,67.0,132.0,67.0,67.0,67.0,67.0,67.0,67.0,67.0,67.0,67.0,67.0,67.0,67.0,67.0,67.0,67.0,67.0,67.0
88,67.0,168.0,159.0,168.0,31.0,132.0,168.0,95.0,132.0,168.0,95.0,67.0,168.0,159.0,67.0,168.0,95.0,132.0,168.0,95.0,132.0,168.0,95.0,168.0,159.0,132.0,168.0,95.0,168.0,95.0,67.0,67.0,132.0,67.0,67.0,67.0,67.0,67.0,67.0,67.0,67.0,132.0,67.0,67.0,67.0,168.0,168.0,177.0,160.0,177.0
89,182.0,147.0,182.0,152.0,182.0,182.0,147.0,182.0,182.0,147.0,182.0,182.0,147.0,182.0,157.0,182.0,78.0,182.0,182.0,147.0,182.0,182.0,147.0,182.0,182.0,147.0,182.0,182.0,147.0,182.0,182.0,182.0,182.0,182.0,17.0,182.0,182.0,147.0,182.0,182.0,147.0,182.0,88.0,182.0,182.0,147.0,182.0,182.0,147.0,182.0
90,67.0,132.0,67.0,67.0,67.0,67.0,67.0,67.0,67.0,168.0,168.0,172.0,168.0,177.0,160.0,168.0,168.0,168.0,177.0,160.0,168.0,168.0,177.0,160.0,177.0,160.0,177.0,177.0,151.0,168.0,177.0,160.0,168.0,168.0,177.0,160.0,177.0,160.0,177.0,160.0,177.0,160.0,168.0,177.0,160.0,177.0,160.0,168.0,177.0,160.0
91,67.0,67.0,67.0,67.0,67.0,67.0,67.0,67.0,67.0,67.0,67.0,67.0,67.0,67.0,67.0,132.0,67.0,132.0,67.0,67.0,67.0,67.0,67.0,67.0,67.0,67.0,67.0,67.0,67.0,67.0,67.0,67.0,67.0,67.0,67.0,67.0,67.0,67.0,67.0,67.0,67.0,67.0,67.0,67.0,132.0,67.0,67.0,67.0,67.0,67.0
92,67.0,67.0,67.0,67.0,132.0,67.0,168.0,159.0,67.0,168.0,95.0,132.0,168.0,95.0,132.0,168.0,95.0,132.0,168.0,95.0,168.0,95.0,67.0,168.0,159.0,67.0,168.0,95.0,132.0,168.0,95.0,132.0,168.0,31.0,132.0,168.0,95.0,132.0,168.0,95.0,132.0,168.0,31.0,168.0,31.0,67.0,168.0,95.0,132.0,168.0
93,182.0,182.0,147.0,182.0,182.0,93.0,182.0,182.0,147.0,182.0,182.0,147.0,182.0,182.0,147.0,182.0,182.0,147.0,23.0,182.0,182.0,127.0,182.0,103.0,182.0,182.0,147.0,182.0,182.0,147.0,77.0,182.0,182.0,147.0,72.0,182.0,13.0,182.0,182.0,24.0,182.0,182.0,147.0,72.0,182.0,182.0,147.0,182.0,182.0,147.0
94,55.0,168.0,91.0,177.0,160.0,168.0,147.0,132.0,168.0,168.0,55.0,132.0,168.0,163.0,177.0,160.0,168.0,177.0,160.0,63.0,168.0,168.0,55.0,132.0,168.0,31.0,168.0,159.0,168.0,177.0,160.0,168.0,168.0,66.0,168.0,27.0,168.0,31.0,132.0,168.0,95.0,132.0,177.0,160.0,177.0,160.0,177.0,160.0,168.0,54.0
95,182.0,182.0,147.0,182.0,182.0,147.0,182.0,182.0,147.0,23.0,182.0,182.0,127.0,182.0,38.0,182.0,182.0,147.0,182.0,182.0,147.0,182.0,182.0,98.0,182.0,182.0,147.0,182.0,182.0,147.0,182.0,182.0,147.0,182.0,28.0,182.0,182.0,24.0,182.0,182.0,147.0,182.0,182.0,147.0,182.0,182.0,147.0,182.0,182.0,147.0
96,168.0,168.0,168.0,168.0,168.0,177.0,160.0,168.0,168.0,177.0,160.0,177.0,160.0,177.0,160.0,177.0,160.0,168.0,177.0,160.0,168.0,168.0,168.0,153.0,168.0,177.0,160.0,168.0,177.0,160.0,177.0,160.0,168.0,168.0,168.0,177.0,160.0,177.0,160.0,177.0,160.0,168.0,177.0,160.0,177.0,160.0,177.0,160.0,168.0,177.0
97,67.0,67.0,67.0,67.0,67.0,67.0,67.0,67.0,67.0,67.0,67.0,67.0,67.0,67.0,67.0,67.0,67.0,67.0,67.0,67.0,67.0,67.0,67.0,67.0,67.0,67.0,67.0,67.0,67.0,67.0,67.0,67.0,67.0,67.0,67.0,67.0,67.0,67.0,67.0,67.0,67.0,67.0,67.0,67.0,67.0,67.0,67.0,67.0,67.0,67.0
98,182.0,182.0,147.0,182.0,18.0,67.0,67.0,67.0,67.0,67.0,67.0,67.0,132.0,67.0,67.0,132.0,67.0,67.0,132.0,132.0,67.0,67.0,67.0,67.0,67.0,67.0,132.0,67.0,67.0,132.0,67.0,67.0,67.0,67.0,67.0,182.0,182.0,24.0,67.0,67.0,67.0,67.0,67.0,67.0,67.0,67.0,67.0,67.0,132.0,132.0
99,67.0,67.0,67.0,67.0,67.0,67.0,67.0,67.0,67.0,177.0,177.0,98.0,67.0,67.0,67.0,67.0,67.0,67.0,67.0,67.0,177.0,177.0,98.0,67.0,67.0,67.0,67.0,67.0,67.0,67.0,67.0,132.0,67.0,67.0,177.0,18.0,67.0,67.0,67.0,67.0,67.0,67.0,67.0,67.0,177.0,157.0,177.0,157.0,177.0,177.0
100,67.0,67.0,67.0,67.0,67.0,67.0,67.0,67.0,67.0,67.0,67.0,177.0,177.0,146.0,177.0,157.0,167.0,177.0,177.0,177.0,177.0,177.0,58.0,177.0,177.0,177.0,136.0,177.0,157.0,177.0,157.0,177.0,177.0,146.0,177.0,157.0,177.0,177.0,177.0,136.0,167.0,167.0,177.0,29.0,177.0,177.0,177.0,177.0,126.0,177.0
101,67.0,67.0,67.0,67.0,67.0,67.0,67.0,67.0,67.0,67.0,67.0,67.0,67.0,67.0,67.0,67.0,67.0,67.0,67.0,67.0,67.0,67.0,67.0,67.0,67.0,67.0,67.0,67.0,67.0,67.0,67.0,67.0,67.0,67.0,67.0,67.0,67.0,67.0,67.0,67.0,67.0,67.0,67.0,67.0,67.0,67.0,67.0,67.0,67.0,67.0
102,67.0,67.0,132.0,67.0,67.0,67.0,67.0,67.0,67.0,182.0,182.0,147.0,72.0,182.0,182.0,147.0,72.0,182.0,182.0,147.0,182.0,182.0,147.0,182.0,182.0,147.0,182.0,182.0,147.0,23.0,182.0,182.0,127.0,182.0,182.0,147.0,182.0,182.0,147.0,167.0,182.0,182.0,147.0,182.0,182.0,147.0,182.0,182.0,147.0,182.0
103,67.0,67.0,67.0,67.0,67.0,67.0,67.0,67.0,67.0,67.0,67.0,67.0,67.0,67.0,67.0,67.0,67.0,67.0,67.0,67.0,67.0,67.0,67.0,67.0,67.0,67.0,67.0,67.0,67.0,67.0,67.0,67.0,67.0,67.0,135.0,67.0,67.0,67.0,135.0,67.0,67.0,67.0,135.0,167.0,104.0,67.0,67.0,167.0,104.0,67.0
104,67.0,67.0,182.0,13.0,67.0,67.0,67.0,67.0,67.0,182.0,182.0,24.0,67.0,67.0,182.0,78.0,67.0,67.0,132.0,67.0,67.0,132.0,67.0,67.0,67.0,67.0,67.0,67.0,67.0,67.0,67.0,132.0,67.0,132.0,132.0,0.0,0.0,0.0,0.0,0.0,0.0,0.0,0.0,0.0,0.0,0.0,0.0,0.0,0.0,0.0
105,67.0,67.0,67.0,67.0,132.0,67.0,67.0,67.0,67.0,67.0,132.0,67.0,67.0,67.0,67.0,67.0,67.0,67.0,67.0,67.0,67.0,67.0,67.0,67.0,67.0,67.0,132.0,67.0,67.0,0.0,0.0,0.0,0.0,0.0,0.0,0.0,0.0,0.0,0.0,0.0,0.0,0.0,0.0,0.0,0.0,0.0,0.0,0.0,0.0,0.0
106,67.0,67.0,67.0,67.0,67.0,67.0,67.0,67.0,67.0,67.0,67.0,67.0,67.0,67.0,67.0,67.0,67.0,67.0,67.0,67.0,135.0,67.0,135.0,67.0,135.0,67.0,67.0,167.0,36.0,67.0,167.0,36.0,67.0,67.0,167.0,36.0,167.0,36.0,67.0,67.0,167.0,167.0,72.0,67.0,167.0,104.0,67.0,167.0,104.0,67.0
107,67.0,67.0,132.0,67.0,67.0,67.0,67.0,67.0,67.0,67.0,182.0,182.0,147.0,72.0,182.0,182.0,147.0,72.0,182.0,182.0,147.0,182.0,182.0,147.0,182.0,182.0,147.0,82.0,182.0,182.0,147.0,182.0,182.0,147.0,182.0,182.0,147.0,182.0,182.0,147.0,23.0,182.0,182.0,127.0,182.0,182.0,147.0,182.0,182.0,147.0
108,67.0,0.0,0.0,0.0,0.0,0.0,0.0,0.0,0.0,0.0,0.0,0.0,0.0,0.0,0.0,0.0,0.0,0.0,0.0,0.0,0.0,0.0,0.0,0.0,0.0,0.0,0.0,0.0,0.0,0.0,0.0,0.0,0.0,0.0,0.0,0.0,0.0,0.0,0.0,0.0,0.0,0.0,0.0,0.0,0.0,0.0,0.0,0.0,0.0,0.0
109,67.0,0.0,0.0,0.0,0.0,0.0,0.0,0.0,0.0,0.0,0.0,0.0,0.0,0.0,0.0,0.0,0.0,0.0,0.0,0.0,0.0,0.0,0.0,0.0,0.0,0.0,0.0,0.0,0.0,0.0,0.0,0.0,0.0,0.0,0.0,0.0,0.0,0.0,0.0,0.0,0.0,0.0,0.0,0.0,0.0,0.0,0.0,0.0,0.0,0.0
110,67.0,0.0,0.0,0.0,0.0,0.0,0.0,0.0,0.0,0.0,0.0,0.0,0.0,0.0,0.0,0.0,0.0,0.0,0.0,0.0,0.0,0.0,0.0,0.0,0.0,0.0,0.0,0.0,0.0,0.0,0.0,0.0,0.0,0.0,0.0,0.0,0.0,0.0,0.0,0.0,0.0,0.0,0.0,0.0,0.0,0.0,0.0,0.0,0.0,0.0
111,67.0,0.0,0.0,0.0,0.0,0.0,0.0,0.0,0.0,0.0,0.0,0.0,0.0,0.0,0.0,0.0,0.0,0.0,0.0,0.0,0.0,0.0,0.0,0.0,0.0,0.0,0.0,0.0,0.0,0.0,0.0,0.0,0.0,0.0,0.0,0.0,0.0,0.0,0.0,0.0,0.0,0.0,0.0,0.0,0.0,0.0,0.0,0.0,0.0,0.0
112,67.0,132.0,67.0,67.0,132.0,67.0,67.0,67.0,67.0,67.0,67.0,182.0,182.0,147.0,72.0,182.0,182.0,147.0,72.0,182.0,182.0,147.0,72.0,182.0,182.0,147.0,72.0,182.0,182.0,147.0,182.0,182.0,147.0,182.0,182.0,147.0,182.0,182.0,147.0,23.0,132.0,182.0,182.0,147.0,182.0,182.0,147.0,182.0,182.0,147.0
113,67.0,67.0,67.0,67.0,67.0,67.0,67.0,67.0,67.0,67.0,67.0,67.0,67.0,67.0,67.0,67.0,67.0,135.0,67.0,67.0,67.0,167.0,36.0,135.0,67.0,67.0,67.0,67.0,135.0,135.0,135.0,167.0,36.0,67.0,167.0,36.0,67.0,167.0,104.0,67.0,167.0,167.0,4.0,67.0,167.0,104.0,135.0,167.0,104.0,135.0
114,67.0,67.0,67.0,67.0,67.0,67.0,67.0,67.0,132.0,67.0,67.0,67.0,67.0,67.0,67.0,67.0,67.0,67.0,67.0,67.0,135.0,67.0,135.0,67.0,135.0,67.0,135.0,135.0,67.0,67.0,167.0,36.0,67.0,135.0,167.0,104.0,135.0,67.0,135.0,67.0,167.0,104.0,135.0,167.0,36.0,67.0,167.0,36.0,135.0,167.0
115,67.0,132.0,67.0,67.0,132.0,67.0,67.0,67.0,67.0,67.0,67.0,182.0,182.0,147.0,72.0,182.0,182.0,147.0,182.0,182.0,147.0,182.0,182.0,147.0,82.0,182.0,182.0,147.0,182.0,182.0,147.0,182.0,182.0,147.0,182.0,182.0,147.0,23.0,182.0,182.0,127.0,182.0,182.0,147.0,162.0,182.0,182.0,147.0,182.0,182.0
116,67.0,132.0,67.0,67.0,182.0,13.0,67.0,67.0,67.0,67.0,67.0,67.0,67.0,67.0,67.0,67.0,67.0,182.0,182.0,24.0,67.0,67.0,67.0,67.0,67.0,67.0,67.0,67.0,67.0,67.0,67.0,67.0,67.0,67.0,67.0,67.0,67.0,67.0,67.0,67.0,67.0,67.0,67.0,67.0,67.0,67.0,67.0,67.0,67.0,67.0
117,67.0,67.0,67.0,67.0,67.0,67.0,67.0,67.0,67.0,67.0,67.0,67.0,67.0,67.0,67.0,67.0,67.0,67.0,167.0,167.0,177.0,177.0,146.0,167.0,167.0,177.0,144.0,177.0,157.0,177.0,157.0,177.0,157.0,177.0,157.0,167.0,177.0,157.0,177.0,177.0,146.0,177.0,177.0,174.0,167.0,177.0,177.0,177.0,136.0,177.0
118,67.0,67.0,67.0,67.0,67.0,67.0,67.0,67.0,177.0,18.0,67.0,67.0,67.0,67.0,67.0,67.0,67.0,67.0,67.0,67.0,67.0,67.0,67.0,67.0,67.0,67.0,67.0,67.0,67.0,177.0,157.0,177.0,177.0,146.0,177.0,177.0,146.0,22.0,177.0,177.0,146.0,167.0,177.0,177.0,146.0,177.0,157.0,177.0,157.0,167.0
119,182.0,13.0,67.0,67.0,67.0,67.0,67.0,67.0,67.0,67.0,67.0,132.0,67.0,132.0,67.0,67.0,67.0,67.0,182.0,13.0,67.0,67.0,67.0,67.0,67.0,67.0,67.0,67.0,67.0,67.0,182.0,182.0,24.0,67.0,67.0,67.0,67.0,67.0,67.0,67.0,67.0,67.0,67.0,67.0,67.0,67.0,67.0,67.0,67.0,67.0
120,67.0,67.0,182.0,13.0,67.0,67.0,67.0,67.0,67.0,182.0,182.0,24.0,67.0,132.0,67.0,67.0,67.0,67.0,132.0,67.0,67.0,132.0,67.0,67.0,67.0,67.0,67.0,67.0,67.0,67.0,67.0,132.0,67.0,67.0,67.0,67.0,67.0,67.0,67.0,67.0,67.0,67.0,67.0,67.0,67.0,67.0,67.0,67.0,67.0,67.0
121,67.0,67.0,67.0,67.0,67.0,132.0,67.0,67.0,67.0,67.0,67.0,67.0,67.0,67.0,67.0,67.0,67.0,67.0,67.0,67.0,67.0,132.0,67.0,67.0,67.0,67.0,67.0,67.0,135.0,167.0,32.0,67.0,67.0,67.0,67.0,67.0,67.0,67.0,67.0,177.0,157.0,177.0,177.0,146.0,177.0,177.0,146.0,157.0,167.0,177.0
122,67.0,67.0,67.0,132.0,132.0,67.0,67.0,67.0,177.0,177.0,98.0,67.0,67.0,67.0,67.0,67.0,67.0,132.0,67.0,67.0,67.0,67.0,67.0,67.0,67.0,67.0,67.0,67.0,67.0,67.0,132.0,67.0,177.0,157.0,177.0,177.0,146.0,177.0,177.0,146.0,177.0,48.0,167.0,177.0,177.0,146.0,177.0,157.0,167.0,177.0
123,67.0,67.0,67.0,67.0,67.0,67.0,67.0,67.0,67.0,67.0,182.0,13.0,67.0,67.0,67.0,67.0,67.0,67.0,67.0,67.0,182.0,182.0,24.0,67.0,67.0,67.0,67.0,67.0,67.0,67.0,67.0,67.0,67.0,67.0,67.0,67.0,67.0,67.0,67.0,67.0,67.0,67.0,67.0,67.0,67.0,67.0,67.0,67.0,67.0,67.0
124,67.0,67.0,67.0,67.0,67.0,67.0,67.0,67.0,67.0,67.0,67.0,67.0,67.0,67.0,67.0,67.0,67.0,67.0,67.0,67.0,67.0,132.0,67.0,67.0,67.0,67.0,67.0,67.0,167.0,32.0,67.0,67.0,67.0,67.0,67.0,67.0,67.0,67.0,67.0,67.0,67.0,67.0,67.0,67.0,67.0,67.0,67.0,67.0,67.0,67.0
125,67.0,182.0,13.0,67.0,67.0,67.0,67.0,67.0,182.0,182.0,24.0,67.0,132.0,67.0,67.0,67.0,67.0,132.0,67.0,67.0,182.0,13.0,67.0,67.0,67.0,67.0,67.0,67.0,67.0,67.0,67.0,132.0,67.0,132.0,67.0,67.0,67.0,67.0,132.0,67.0,67.0,67.0,67.0,67.0,67.0,67.0,67.0,67.0,67.0,67.0
126,182.0,147.0,182.0,182.0,147.0,182.0,182.0,147.0,18.0,182.0,182.0,147.0,182.0,182.0,147.0,182.0,182.0,147.0,147.0,182.0,182.0,147.0,182.0,182.0,147.0,182.0,182.0,147.0,182.0,182.0,147.0,23.0,182.0,182.0,127.0,182.0,182.0,147.0,162.0,182.0,182.0,147.0,182.0,182.0,147.0,182.0,182.0,147.0,182.0,182.0
127,67.0,67.0,67.0,67.0,67.0,67.0,67.0,67.0,67.0,135.0,135.0,67.0,167.0,36.0,67.0,67.0,135.0,135.0,67.0,167.0,104.0,67.0,167.0,104.0,167.0,36.0,135.0,167.0,36.0,167.0,36.0,67.0,167.0,167.0,140.0,67.0,167.0,36.0,67.0,167.0,167.0,4.0,167.0,36.0,67.0,135.0,167.0,104.0,67.0,67.0
128,67.0,0.0,0.0,0.0,0.0,0.0,0.0,0.0,0.0,0.0,0.0,0.0,0.0,0.0,0.0,0.0,0.0,0.0,0.0,0.0,0.0,0.0,0.0,0.0,0.0,0.0,0.0,0.0,0.0,0.0,0.0,0.0,0.0,0.0,0.0,0.0,0.0,0.0,0.0,0.0,0.0,0.0,0.0,0.0,0.0,0.0,0.0,0.0,0.0,0.0
129,67.0,0.0,0.0,0.0,0.0,0.0,0.0,0.0,0.0,0.0,0.0,0.0,0.0,0.0,0.0,0.0,0.0,0.0,0.0,0.0,0.0,0.0,0.0,0.0,0.0,0.0,0.0,0.0,0.0,0.0,0.0,0.0,0.0,0.0,0.0,0.0,0.0,0.0,0.0,0.0,0.0,0.0,0.0,0.0,0.0,0.0,0.0,0.0,0.0,0.0
130,67.0,0.0,0.0,0.0,0.0,0.0,0.0,0.0,0.0,0.0,0.0,0.0,0.0,0.0,0.0,0.0,0.0,0.0,0.0,0.0,0.0,0.0,0.0,0.0,0.0,0.0,0.0,0.0,0.0,0.0,0.0,0.0,0.0,0.0,0.0,0.0,0.0,0.0,0.0,0.0,0.0,0.0,0.0,0.0,0.0,0.0,0.0,0.0,0.0,0.0
131,67.0,0.0,0.0,0.0,0.0,0.0,0.0,0.0,0.0,0.0,0.0,0.0,0.0,0.0,0.0,0.0,0.0,0.0,0.0,0.0,0.0,0.0,0.0,0.0,0.0,0.0,0.0,0.0,0.0,0.0,0.0,0.0,0.0,0.0,0.0,0.0,0.0,0.0,0.0,0.0,0.0,0.0,0.0,0.0,0.0,0.0,0.0,0.0,0.0,0.0
132,67.0,67.0,67.0,132.0,67.0,132.0,67.0,132.0,67.0,67.0,67.0,167.0,36.0,67.0,67.0,135.0,135.0,67.0,135.0,167.0,36.0,67.0,132.0,67.0,132.0,167.0,32.0,167.0,32.0,135.0,167.0,36.0,67.0,135.0,167.0,104.0,135.0,135.0,132.0,67.0,167.0,164.0,135.0,167.0,104.0,167.0,36.0,67.0,67.0,67.0
133,182.0,182.0,147.0,182.0,182.0,147.0,182.0,182.0,147.0,82.0,182.0,182.0,147.0,182.0,182.0,147.0,182.0,182.0,147.0,182.0,182.0,147.0,23.0,182.0,182.0,127.0,157.0,182.0,182.0,147.0,182.0,182.0,147.0,182.0,182.0,147.0,182.0,182.0,147.0,23.0,182.0,182.0,127.0,182.0,182.0,147.0,182.0,182.0,147.0,182.0
134,67.0,0.0,0.0,0.0,0.0,0.0,0.0,0.0,0.0,0.0,0.0,0.0,0.0,0.0,0.0,0.0,0.0,0.0,0.0,0.0,0.0,0.0,0.0,0.0,0.0,0.0,0.0,0.0,0.0,0.0,0.0,0.0,0.0,0.0,0.0,0.0,0.0,0.0,0.0,0.0,0.0,0.0,0.0,0.0,0.0,0.0,0.0,0.0,0.0,0.0
135,67.0,0.0,0.0,0.0,0.0,0.0,0.0,0.0,0.0,0.0,0.0,0.0,0.0,0.0,0.0,0.0,0.0,0.0,0.0,0.0,0.0,0.0,0.0,0.0,0.0,0.0,0.0,0.0,0.0,0.0,0.0,0.0,0.0,0.0,0.0,0.0,0.0,0.0,0.0,0.0,0.0,0.0,0.0,0.0,0.0,0.0,0.0,0.0,0.0,0.0
136,67.0,67.0,67.0,67.0,132.0,67.0,67.0,67.0,67.0,67.0,67.0,67.0,67.0,67.0,67.0,67.0,67.0,67.0,67.0,67.0,67.0,67.0,67.0,67.0,67.0,67.0,67.0,67.0,67.0,67.0,67.0,67.0,132.0,67.0,167.0,167.0,177.0,177.0,146.0,177.0,177.0,146.0,157.0,177.0,177.0,146.0,177.0,177.0,146.0,177.0
137,67.0,67.0,67.0,67.0,67.0,132.0,67.0,132.0,67.0,67.0,182.0,13.0,67.0,67.0,67.0,67.0,67.0,67.0,67.0,67.0,182.0,182.0,24.0,67.0,67.0,67.0,67.0,67.0,67.0,67.0,67.0,67.0,67.0,67.0,67.0,67.0,67.0,67.0,67.0,67.0,67.0,67.0,67.0,67.0,67.0,67.0,67.0,67.0,67.0,67.0
138,132.0,67.0,67.0,132.0,67.0,67.0,67.0,67.0,67.0,67.0,182.0,182.0,147.0,72.0,182.0,182.0,147.0,72.0,182.0,182.0,147.0,182.0,182.0,147.0,182.0,182.0,147.0,182.0,182.0,147.0,23.0,132.0,182.0,182.0,147.0,182.0,182.0,147.0,182.0,182.0,147.0,82.0,182.0,182.0,147.0,182.0,182.0,147.0,182.0,182.0
139,67.0,67.0,67.0,67.0,67.0,67.0,132.0,67.0,67.0,67.0,67.0,67.0,67.0,67.0,67.0,67.0,67.0,67.0,67.0,135.0,67.0,67.0,135.0,135.0,135.0,67.0,135.0,135.0,67.0,135.0,135.0,167.0,36.0,135.0,167.0,36.0,67.0,167.0,104.0,67.0,135.0,167.0,36.0,135.0,167.0,36.0,135.0,67.0,167.0,167.0
140,177.0,177.0,146.0,177.0,177.0,146.0,177.0,177.0,146.0,177.0,157.0,177.0,157.0,177.0,177.0,146.0,177.0,157.0,148.0,177.0,177.0,146.0,167.0,177.0,157.0,177.0,177.0,146.0,177.0,157.0,177.0,177.0,146.0,177.0,177.0,146.0,167.0,177.0,157.0,177.0,157.0,33.0,177.0,157.0,167.0,177.0,157.0,167.0,177.0,157.0
141,67.0,67.0,67.0,67.0,67.0,67.0,67.0,67.0,67.0,67.0,67.0,67.0,67.0,67.0,67.0,67.0,67.0,67.0,67.0,67.0,67.0,67.0,67.0,67.0,67.0,67.0,67.0,67.0,67.0,67.0,67.0,67.0,67.0,67.0,67.0,67.0,67.0,67.0,67.0,67.0,67.0,67.0,67.0,67.0,67.0,67.0,67.0,67.0,67.0,67.0
142,67.0,67.0,67.0,67.0,67.0,67.0,67.0,67.0,67.0,67.0,67.0,67.0,67.0,67.0,67.0,67.0,67.0,167.0,177.0,177.0,146.0,177.0,157.0,177.0,177.0,177.0,20.0,167.0,177.0,157.0,177.0,157.0,167.0,177.0,177.0,146.0,177.0,177.0,146.0,177.0,157.0,177.0,177.0,177.0,177.0,177.0,91.0,167.0,177.0,177.0
143,67.0,67.0,67.0,67.0,67.0,67.0,67.0,67.0,67.0,67.0,67.0,67.0,67.0,67.0,67.0,67.0,67.0,67.0,67.0,67.0,67.0,67.0,67.0,67.0,67.0,67.0,67.0,67.0,67.0,67.0,67.0,67.0,67.0,67.0,67.0,67.0,67.0,67.0,67.0,67.0,67.0,67.0,67.0,67.0,67.0,67.0,67.0,67.0,67.0,67.0
144,67.0,67.0,67.0,67.0,67.0,67.0,67.0,67.0,67.0,67.0,67.0,67.0,67.0,67.0,67.0,182.0,78.0,132.0,67.0,67.0,67.0,67.0,67.0,67.0,67.0,67.0,67.0,67.0,67.0,67.0,67.0,67.0,67.0,67.0,67.0,67.0,67.0,67.0,67.0,67.0,67.0,67.0,67.0,67.0,67.0,67.0,67.0,67.0,67.0,67.0
145,67.0,67.0,67.0,67.0,67.0,67.0,67.0,177.0,157.0,177.0,157.0,167.0,167.0,167.0,177.0,19.0,177.0,177.0,146.0,167.0,167.0,167.0,177.0,177.0,177.0,24.0,167.0,177.0,157.0,167.0,177.0,177.0,177.0,177.0,126.0,167.0,23.0,177.0,177.0,146.0,177.0,177.0,146.0,177.0,177.0,177.0,177.0,177.0,116.0,167.0
146,132.0,67.0,67.0,132.0,67.0,67.0,67.0,67.0,67.0,67.0,182.0,182.0,147.0,72.0,182.0,182.0,147.0,182.0,182.0,147.0,77.0,182.0,182.0,147.0,182.0,182.0,147.0,182.0,182.0,147.0,182.0,182.0,147.0,23.0,182.0,182.0,127.0,182.0,182.0,147.0,182.0,182.0,147.0,182.0,182.0,147.0,43.0,182.0,13.0,182.0
147,67.0,67.0,135.0,135.0,67.0,167.0,36.0,135.0,135.0,67.0,167.0,167.0,4.0,67.0,135.0,167.0,36.0,167.0,36.0,67.0,167.0,36.0,135.0,135.0,135.0,167.0,104.0,67.0,167.0,36.0,167.0,167.0,4.0,135.0,167.0,36.0,67.0,135.0,135.0,135.0,167.0,167.0,4.0,67.0,135.0,167.0,36.0,67.0,135.0,135.0
148,132.0,67.0,67.0,132.0,67.0,67.0,67.0,67.0,67.0,67.0,182.0,182.0,147.0,72.0,182.0,182.0,147.0,72.0,182.0,182.0,147.0,182.0,182.0,147.0,182.0,182.0,147.0,182.0,182.0,147.0,23.0,132.0,182.0,182.0,147.0,72.0,182.0,182.0,147.0,182.0,182.0,147.0,182.0,182.0,147.0,82.0,182.0,182.0,147.0,182.0
149,67.0,67.0,67.0,67.0,67.0,67.0,67.0,67.0,67.0,67.0,67.0,67.0,67.0,67.0,67.0,67.0,67.0,67.0,135.0,135.0,67.0,135.0,167.0,167.0,72.0,67.0,67.0,135.0,135.0,167.0,104.0,135.0,67.0,135.0,167.0,104.0,135.0,167.0,36.0,67.0,135.0,167.0,167.0,4.0,67.0,135.0,135.0,135.0,167.0,36.0
150,182.0,13.0,132.0,67.0,67.0,182.0,13.0,67.0,67.0,67.0,67.0,67.0,182.0,182.0,147.0,72.0,182.0,182.0,147.0,72.0,182.0,182.0,147.0,182.0,182.0,147.0,182.0,182.0,147.0,182.0,182.0,147.0,23.0,132.0,182.0,182.0,147.0,72.0,182.0,182.0,147.0,182.0,182.0,147.0,77.0,182.0,182.0,147.0,182.0,182.0
151,67.0,67.0,67.0,67.0,67.0,67.0,67.0,67.0,67.0,67.0,67.0,67.0,67.0,67.0,67.0,67.0,67.0,67.0,67.0,135.0,167.0,36.0,135.0,135.0,67.0,167.0,167.0,4.0,67.0,167.0,36.0,135.0,135.0,167.0,167.0,4.0,135.0,67.0,67.0,167.0,167.0,4.0,135.0,167.0,36.0,135.0,167.0,36.0,67.0,167.0
152,67.0,67.0,67.0,67.0,67.0,67.0,67.0,67.0,67.0,67.0,67.0,67.0,67.0,67.0,67.0,67.0,67.0,67.0,67.0,67.0,135.0,135.0,67.0,67.0,67.0,67.0,167.0,36.0,67.0,67.0,67.0,135.0,67.0,135.0,67.0,67.0,135.0,135.0,67.0,67.0,67.0,67.0,67.0,67.0,67.0,67.0,167.0,36.0,135.0,67.0
153,67.0,67.0,132.0,67.0,67.0,67.0,67.0,67.0,67.0,67.0,182.0,182.0,147.0,72.0,182.0,182.0,147.0,72.0,182.0,182.0,147.0,182.0,182.0,147.0,182.0,182.0,147.0,182.0,182.0,147.0,23.0,182.0,182.0,127.0,182.0,182.0,147.0,182.0,182.0,147.0,182.0,182.0,147.0,43.0,182.0,182.0,107.0,182.0,58.0,182.0
154,67.0,67.0,67.0,67.0,167.0,177.0,108.0,177.0,157.0,177.0,177.0,177.0,177.0,65.0,177.0,177.0,98.0,177.0,177.0,146.0,87.0,177.0,177.0,146.0,177.0,157.0,167.0,177.0,157.0,177.0,48.0,177.0,18.0,167.0,177.0,108.0,177.0,177.0,98.0,177.0,177.0,146.0,87.0,167.0,177.0,157.0,177.0,177.0,146.0,167.0
155,67.0,67.0,67.0,67.0,67.0,67.0,67.0,67.0,67.0,67.0,67.0,67.0,67.0,67.0,67.0,67.0,67.0,67.0,67.0,67.0,67.0,67.0,67.0,67.0,67.0,67.0,67.0,67.0,67.0,67.0,67.0,67.0,67.0,67.0,67.0,67.0,67.0,67.0,67.0,67.0,67.0,67.0,67.0,67.0,67.0,67.0,67.0,67.0,67.0,67.0
156,132.0,67.0,67.0,177.0,177.0,146.0,167.0,177.0,157.0,167.0,167.0,177.0,44.0,167.0,177.0,177.0,177.0,177.0,126.0,177.0,157.0,177.0,177.0,146.0,177.0,64.0,167.0,177.0,177.0,146.0,177.0,177.0,146.0,177.0,177.0,146.0,177.0,177.0,177.0,177.0,177.0,116.0,167.0,152.0,177.0,177.0,177.0,177.0,126.0,177.0
157,67.0,67.0,67.0,67.0,67.0,67.0,67.0,67.0,67.0,67.0,67.0,67.0,67.0,67.0,67.0,67.0,67.0,67.0,67.0,67.0,67.0,67.0,67.0,67.0,67.0,67.0,67.0,67.0,67.0,67.0,67.0,67.0,67.0,67.0,67.0,67.0,67.0,67.0,67.0,67.0,67.0,67.0,67.0,67.0,67.0,67.0,67.0,67.0,67.0,67.0
158,67.0,67.0,67.0,67.0,67.0,177.0,157.0,177.0,157.0,177.0,157.0,177.0,177.0,133.0,177.0,177.0,146.0,177.0,177.0,146.0,177.0,177.0,177.0,92.0,177.0,177.0,98.0,67.0,177.0,157.0,167.0,177.0,177.0,177.0,177.0,126.0,177.0,157.0,177.0,177.0,177.0,177.0,126.0,177.0,177.0,177.0,177.0,177.0,177.0,105.0
159,67.0,67.0,67.0,67.0,67.0,67.0,67.0,67.0,67.0,67.0,67.0,67.0,67.0,67.0,67.0,67.0,67.0,67.0,67.0,67.0,67.0,67.0,67.0,67.0,67.0,67.0,67.0,67.0,67.0,67.0,67.0,67.0,67.0,67.0,67.0,67.0,67.0,67.0,67.0,67.0,67.0,67.0,67.0,67.0,67.0,67.0,67.0,67.0,67.0,67.0
160,67.0,67.0,67.0,67.0,67.0,167.0,177.0,108.0,167.0,157.0,177.0,157.0,167.0,177.0,177.0,177.0,136.0,177.0,177.0,34.0,177.0,157.0,167.0,167.0,167.0,177.0,28.0,177.0,177.0,177.0,88.0,167.0,177.0,157.0,177.0,177.0,146.0,177.0,26.0,167.0,167.0,167.0,177.0,177.0,177.0,136.0,132.0,167.0,177.0,177.0
161,67.0,67.0,67.0,67.0,67.0,67.0,67.0,67.0,67.0,67.0,67.0,67.0,67.0,67.0,67.0,67.0,67.0,67.0,67.0,67.0,67.0,67.0,67.0,67.0,67.0,67.0,67.0,67.0,67.0,67.0,67.0,67.0,67.0,67.0,67.0,67.0,67.0,67.0,67.0,67.0,67.0,67.0,67.0,67.0,67.0,67.0,67.0,67.0,67.0,67.0
162,67.0,67.0,67.0,67.0,67.0,67.0,177.0,157.0,167.0,177.0,157.0,177.0,177.0,146.0,157.0,177.0,177.0,146.0,177.0,157.0,167.0,177.0,177.0,177.0,136.0,167.0,177.0,177.0,177.0,177.0,177.0,75.0,167.0,177.0,157.0,177.0,157.0,167.0,177.0,177.0,177.0,177.0,177.0,177.0,177.0,95.0,177.0,177.0,146.0,177.0
163,67.0,67.0,67.0,67.0,67.0,67.0,67.0,67.0,67.0,67.0,67.0,67.0,67.0,67.0,67.0,67.0,67.0,67.0,67.0,67.0,67.0,67.0,67.0,67.0,67.0,67.0,67.0,67.0,67.0,67.0,67.0,67.0,67.0,67.0,67.0,67.0,67.0,67.0,67.0,67.0,67.0,67.0,67.0,67.0,67.0,67.0,67.0,67.0,67.0,67.0
164,67.0,67.0,0.0,0.0,0.0,0.0,0.0,0.0,0.0,0.0,0.0,0.0,0.0,0.0,0.0,0.0,0.0,0.0,0.0,0.0,0.0,0.0,0.0,0.0,0.0,0.0,0.0,0.0,0.0,0.0,0.0,0.0,0.0,0.0,0.0,0.0,0.0,0.0,0.0,0.0,0.0,0.0,0.0,0.0,0.0,0.0,0.0,0.0,0.0,0.0
165,67.0,67.0,0.0,0.0,0.0,0.0,0.0,0.0,0.0,0.0,0.0,0.0,0.0,0.0,0.0,0.0,0.0,0.0,0.0,0.0,0.0,0.0,0.0,0.0,0.0,0.0,0.0,0.0,0.0,0.0,0.0,0.0,0.0,0.0,0.0,0.0,0.0,0.0,0.0,0.0,0.0,0.0,0.0,0.0,0.0,0.0,0.0,0.0,0.0,0.0
166,132.0,67.0,67.0,67.0,67.0,182.0,13.0,67.0,67.0,67.0,67.0,132.0,67.0,67.0,67.0,67.0,67.0,67.0,182.0,182.0,24.0,67.0,67.0,132.0,67.0,67.0,182.0,13.0,67.0,67.0,67.0,67.0,0.0,0.0,0.0,0.0,0.0,0.0,0.0,0.0,0.0,0.0,0.0,0.0,0.0,0.0,0.0,0.0,0.0,0.0
167,67.0,67.0,67.0,177.0,177.0,98.0,67.0,67.0,67.0,67.0,67.0,67.0,67.0,67.0,177.0,177.0,98.0,67.0,132.0,132.0,67.0,67.0,67.0,67.0,67.0,132.0,67.0,67.0,67.0,67.0,67.0,67.0,67.0,67.0,67.0,0.0,0.0,0.0,0.0,0.0,0.0,0.0,0.0,0.0,0.0,0.0,0.0,0.0,0.0,0.0
168,67.0,67.0,67.0,132.0,67.0,67.0,67.0,135.0,67.0,67.0,67.0,67.0,135.0,67.0,67.0,67.0,67.0,67.0,67.0,67.0,67.0,67.0,67.0,67.0,135.0,67.0,67.0,67.0,67.0,67.0,67.0,67.0,67.0,67.0,67.0,67.0,67.0,67.0,67.0,67.0,67.0,67.0,67.0,67.0,67.0,67.0,177.0,157.0,118.0,67.0
169,67.0,182.0,182.0,24.0,67.0,67.0,132.0,67.0,67.0,67.0,67.0,132.0,67.0,67.0,67.0,67.0,132.0,67.0,67.0,67.0,132.0,67.0,67.0,67.0,67.0,67.0,132.0,67.0,67.0,67.0,67.0,132.0,67.0,67.0,67.0,67.0,132.0,132.0,67.0,67.0,67.0,67.0,67.0,67.0,67.0,67.0,67.0,67.0,67.0,67.0
170,67.0,67.0,67.0,67.0,67.0,67.0,67.0,177.0,177.0,146.0,83.0,177.0,157.0,177.0,157.0,112.0,67.0,67.0,67.0,67.0,67.0,67.0,67.0,67.0,67.0,67.0,67.0,67.0,67.0,67.0,67.0,67.0,67.0,67.0,67.0,67.0,67.0,67.0,67.0,67.0,67.0,67.0,67.0,67.0,67.0,67.0,67.0,67.0,167.0,93.0
171,67.0,67.0,67.0,132.0,67.0,67.0,67.0,132.0,67.0,67.0,67.0,67.0,67.0,67.0,67.0,67.0,67.0,67.0,67.0,67.0,67.0,132.0,67.0,67.0,132.0,67.0,67.0,67.0,67.0,67.0,67.0,67.0,67.0,67.0,67.0,67.0,67.0,67.0,67.0,67.0,67.0,67.0,67.0,67.0,67.0,67.0,67.0,67.0,67.0,67.0
172,106.0,177.0,157.0,167.0,177.0,157.0,177.0,177.0,146.0,177.0,157.0,177.0,157.0,177.0,157.0,167.0,177.0,157.0,177.0,177.0,177.0,136.0,177.0,157.0,167.0,156.0,167.0,167.0,177.0,177.0,146.0,177.0,177.0,146.0,177.0,177.0,146.0,177.0,177.0,146.0,177.0,157.0,167.0,177.0,177.0,146.0,177.0,177.0,177.0,177.0
173,67.0,67.0,67.0,67.0,67.0,67.0,67.0,67.0,67.0,67.0,67.0,67.0,67.0,67.0,67.0,67.0,67.0,67.0,67.0,67.0,67.0,67.0,67.0,67.0,67.0,67.0,67.0,67.0,67.0,67.0,67.0,67.0,67.0,67.0,67.0,67.0,67.0,67.0,67.0,182.0,78.0,67.0,67.0,132.0,67.0,182.0,13.0,67.0,67.0,67.0
174,67.0,177.0,177.0,98.0,67.0,132.0,67.0,67.0,67.0,67.0,67.0,67.0,67.0,67.0,67.0,67.0,67.0,67.0,67.0,67.0,67.0,67.0,67.0,67.0,67.0,67.0,67.0,67.0,67.0,67.0,67.0,67.0,135.0,67.0,67.0,67.0,67.0,67.0,132.0,177.0,18.0,177.0,157.0,54.0,132.0,67.0,132.0,67.0,132.0,132.0
175,67.0,67.0,67.0,67.0,67.0,132.0,67.0,67.0,182.0,13.0,67.0,67.0,67.0,67.0,67.0,67.0,182.0,182.0,147.0,72.0,182.0,182.0,147.0,72.0,182.0,182.0,147.0,182.0,182.0,147.0,182.0,182.0,147.0,182.0,182.0,147.0,23.0,182.0,182.0,127.0,182.0,182.0,147.0,182.0,182.0,147.0,167.0,182.0,182.0,147.0
176,67.0,67.0,67.0,67.0,67.0,67.0,67.0,67.0,67.0,67.0,67.0,67.0,67.0,67.0,132.0,67.0,135.0,67.0,132.0,67.0,177.0,18.0,135.0,67.0,132.0,177.0,18.0,135.0,132.0,132.0,177.0,83.0,132.0,135.0,67.0,177.0,18.0,177.0,18.0,67.0,167.0,93.0,167.0,29.0,67.0,167.0,29.0,67.0,177.0,18.0
177,67.0,132.0,67.0,67.0,182.0,13.0,67.0,67.0,67.0,67.0,67.0,182.0,182.0,147.0,72.0,182.0,182.0,147.0,72.0,182.0,182.0,147.0,72.0,182.0,182.0,147.0,182.0,182.0,147.0,182.0,182.0,147.0,82.0,182.0,182.0,147.0,72.0,182.0,182.0,147.0,182.0,182.0,147.0,182.0,182.0,147.0,182.0,182.0,147.0,23.0
178,67.0,67.0,67.0,182.0,182.0,147.0,72.0,182.0,182.0,147.0,72.0,182.0,182.0,147.0,72.0,182.0,182.0,147.0,182.0,182.0,147.0,182.0,182.0,147.0,82.0,182.0,182.0,147.0,182.0,182.0,147.0,182.0,182.0,147.0,182.0,182.0,147.0,23.0,182.0,182.0,127.0,157.0,182.0,182.0,147.0,72.0,182.0,182.0,147.0,182.0
179,67.0,67.0,67.0,67.0,67.0,67.0,177.0,18.0,67.0,67.0,177.0,57.0,157.0,67.0,132.0,132.0,167.0,157.0,67.0,167.0,93.0,132.0,132.0,177.0,18.0,67.0,177.0,18.0,167.0,157.0,67.0,132.0,167.0,29.0,132.0,132.0,132.0,67.0,67.0,67.0,67.0,67.0,132.0,132.0,132.0,132.0,67.0,135.0,67.0,67.0
180,67.0,67.0,67.0,67.0,67.0,67.0,67.0,67.0,67.0,67.0,67.0,67.0,67.0,67.0,67.0,132.0,67.0,67.0,67.0,67.0,67.0,67.0,67.0,67.0,67.0,67.0,67.0,67.0,67.0,67.0,67.0,67.0,167.0,32.0,167.0,32.0,67.0,177.0,18.0,167.0,32.0,167.0,164.0,135.0,67.0,167.0,97.0,67.0,132.0,67.0
181,132.0,67.0,67.0,182.0,13.0,67.0,67.0,67.0,67.0,67.0,182.0,182.0,24.0,67.0,67.0,132.0,67.0,67.0,182.0,13.0,67.0,67.0,67.0,67.0,67.0,182.0,182.0,147.0,72.0,182.0,182.0,147.0,72.0,182.0,182.0,147.0,72.0,182.0,182.0,147.0,182.0,182.0,147.0,182.0,182.0,147.0,82.0,182.0,182.0,147.0
182,67.0,67.0,132.0,67.0,67.0,132.0,67.0,67.0,67.0,67.0,67.0,67.0,182.0,182.0,147.0,72.0,182.0,182.0,147.0,182.0,182.0,147.0,77.0,182.0,182.0,147.0,182.0,182.0,147.0,182.0,182.0,147.0,182.0,182.0,147.0,23.0,182.0,182.0,127.0,182.0,182.0,147.0,182.0,182.0,147.0,182.0,182.0,147.0,43.0,182.0
183,132.0,67.0,67.0,67.0,67.0,67.0,67.0,67.0,67.0,67.0,67.0,67.0,132.0,177.0,18.0,132.0,67.0,132.0,132.0,177.0,18.0,177.0,18.0,167.0,29.0,177.0,18.0,67.0,167.0,29.0,177.0,18.0,167.0,93.0,177.0,18.0,167.0,93.0,177.0,18.0,177.0,18.0,167.0,29.0,177.0,18.0,132.0,167.0,29.0,177.0
184,67.0,67.0,67.0,67.0,67.0,67.0,67.0,132.0,67.0,67.0,67.0,67.0,67.0,67.0,132.0,67.0,67.0,67.0,67.0,67.0,132.0,67.0,67.0,67.0,67.0,67.0,67.0,132.0,67.0,0.0,0.0,0.0,0.0,0.0,0.0,0.0,0.0,0.0,0.0,0.0,0.0,0.0,0.0,0.0,0.0,0.0,0.0,0.0,0.0,0.0
185,67.0,132.0,67.0,67.0,132.0,67.0,67.0,67.0,67.0,67.0,67.0,182.0,182.0,24.0,67.0,67.0,132.0,67.0,67.0,182.0,13.0,67.0,67.0,67.0,67.0,67.0,182.0,182.0,24.0,67.0,67.0,67.0,132.0,0.0,0.0,0.0,0.0,0.0,0.0,0.0,0.0,0.0,0.0,0.0,0.0,0.0,0.0,0.0,0.0,0.0
186,67.0,67.0,67.0,67.0,67.0,67.0,67.0,67.0,67.0,67.0,67.0,67.0,67.0,67.0,67.0,167.0,167.0,1.0,67.0,132.0,67.0,167.0,36.0,167.0,167.0,69.0,135.0,67.0,167.0,104.0,167.0,36.0,135.0,135.0,167.0,36.0,167.0,104.0,135.0,67.0,135.0,167.0,167.0,4.0,167.0,104.0,67.0,135.0,135.0,167.0
187,67.0,67.0,182.0,13.0,67.0,67.0,67.0,67.0,67.0,182.0,182.0,147.0,72.0,182.0,182.0,147.0,72.0,182.0,182.0,147.0,72.0,182.0,182.0,147.0,72.0,182.0,182.0,147.0,182.0,182.0,147.0,77.0,182.0,182.0,147.0,182.0,182.0,147.0,182.0,182.0,147.0,182.0,182.0,147.0,23.0,182.0,182.0,127.0,157.0,182.0
188,182.0,182.0,147.0,72.0,182.0,182.0,147.0,182.0,182.0,147.0,182.0,182.0,147.0,82.0,182.0,182.0,147.0,182.0,182.0,147.0,182.0,182.0,147.0,182.0,182.0,147.0,23.0,182.0,182.0,127.0,182.0,182.0,147.0,162.0,182.0,182.0,147.0,72.0,182.0,182.0,147.0,182.0,182.0,147.0,182.0,182.0,147.0,82.0,182.0,182.0
189,67.0,67.0,67.0,67.0,67.0,67.0,135.0,67.0,67.0,67.0,67.0,67.0,67.0,67.0,177.0,157.0,54.0,167.0,93.0,67.0,67.0,132.0,132.0,167.0,93.0,132.0,67.0,67.0,67.0,167.0,177.0,44.0,167.0,161.0,67.0,67.0,67.0,67.0,132.0,67.0,177.0,83.0,167.0,167.0,167.0,148.0,67.0,67.0,132.0,167.0
190,4.0,167.0,36.0,67.0,167.0,167.0,72.0,135.0,167.0,167.0,4.0,67.0,167.0,104.0,167.0,104.0,167.0,104.0,135.0,167.0,36.0,67.0,67.0,67.0,67.0,67.0,67.0,67.0,167.0,177.0,108.0,67.0,67.0,67.0,67.0,67.0,67.0,67.0,67.0,67.0,177.0,157.0,118.0,167.0,177.0,157.0,155.0,177.0,177.0,177.0
191,147.0,182.0,182.0,147.0,182.0,182.0,147.0,182.0,157.0,182.0,182.0,147.0,182.0,182.0,147.0,182.0,182.0,147.0,182.0,182.0,147.0,23.0,182.0,182.0,127.0,182.0,182.0,147.0,182.0,182.0,147.0,182.0,182.0,147.0,43.0,182.0,182.0,107.0,182.0,182.0,147.0,182.0,182.0,147.0,182.0,182.0,147.0,63.0,182.0,182.0
192,182.0,182.0,147.0,182.0,152.0,182.0,182.0,147.0,182.0,182.0,147.0,182.0,182.0,147.0,182.0,157.0,182.0,78.0,182.0,182.0,147.0,182.0,182.0,147.0,182.0,182.0,147.0,182.0,182.0,147.0,23.0,182.0,182.0,127.0,182.0,182.0,147.0,182.0,182.0,147.0,182.0,182.0,147.0,43.0,182.0,182.0,107.0,182.0,182.0,147.0
193,167.0,177.0,177.0,177.0,177.0,177.0,116.0,177.0,157.0,177.0,177.0,177.0,177.0,126.0,19.0,167.0,177.0,108.0,177.0,177.0,177.0,177.0,177.0,116.0,177.0,177.0,177.0,177.0,126.0,167.0,177.0,177.0,176.0,177.0,157.0,167.0,177.0,177.0,177.0,136.0,177.0,157.0,177.0,177.0,146.0,177.0,177.0,177.0,177.0,126.0
194,67.0,67.0,67.0,67.0,67.0,67.0,67.0,67.0,67.0,67.0,67.0,67.0,67.0,67.0,182.0,182.0,147.0,72.0,182.0,182.0,147.0,72.0,182.0,182.0,147.0,72.0,182.0,182.0,147.0,72.0,182.0,182.0,147.0,72.0,182.0,182.0,147.0,182.0,182.0,147.0,77.0,182.0,182.0,147.0,182.0,182.0,147.0,182.0,182.0,147.0
195,167.0,177.0,177.0,146.0,177.0,177.0,46.0,177.0,157.0,167.0,167.0,177.0,157.0,167.0,177.0,157.0,167.0,177.0,157.0,78.0,167.0,177.0,157.0,177.0,157.0,167.0,177.0,157.0,167.0,167.0,177.0,177.0,177.0,136.0,167.0,177.0,177.0,146.0,177.0,157.0,177.0,177.0,146.0,167.0,167.0,177.0,177.0,146.0,8.0,177.0
196,67.0,67.0,182.0,182.0,147.0,72.0,182.0,182.0,147.0,72.0,182.0,182.0,147.0,72.0,182.0,182.0,147.0,72.0,182.0,182.0,147.0,182.0,182.0,147.0,77.0,182.0,182.0,147.0,182.0,182.0,147.0,182.0,182.0,147.0,182.0,182.0,147.0,23.0,182.0,182.0,127.0,182.0,182.0,147.0,182.0,182.0,147.0,182.0,182.0,147.0
197,146.0,167.0,177.0,177.0,146.0,177.0,177.0,177.0,136.0,177.0,177.0,177.0,177.0,126.0,177.0,177.0,177.0,177.0,126.0,177.0,157.0,167.0,177.0,177.0,146.0,177.0,177.0,177.0,136.0,177.0,177.0,146.0,177.0,177.0,177.0,177.0,32.0,167.0,167.0,167.0,177.0,157.0,167.0,177.0,177.0,146.0,177.0,177.0,146.0,177.0
198,67.0,67.0,132.0,67.0,67.0,67.0,67.0,67.0,67.0,182.0,182.0,147.0,72.0,182.0,182.0,147.0,182.0,182.0,147.0,182.0,182.0,147.0,182.0,182.0,147.0,23.0,182.0,182.0,127.0,157.0,182.0,182.0,147.0,72.0,182.0,182.0,147.0,182.0,182.0,147.0,182.0,182.0,147.0,182.0,182.0,147.0,23.0,132.0,182.0,182.0
199,67.0,67.0,67.0,67.0,67.0,67.0,67.0,67.0,67.0,67.0,67.0,67.0,67.0,135.0,67.0,67.0,135.0,167.0,36.0,167.0,167.0,4.0,167.0,36.0,167.0,36.0,167.0,104.0,167.0,36.0,167.0,36.0,167.0,36.0,167.0,167.0,4.0,167.0,104.0,167.0,36.0,167.0,104.0,135.0,167.0,167.0,4.0,167.0,36.0,177.0
200,36.0,167.0,167.0,4.0,167.0,36.0,167.0,104.0,167.0,36.0,167.0,36.0,167.0,36.0,167.0,167.0,4.0,167.0,36.0,167.0,104.0,167.0,36.0,67.0,67.0,67.0,67.0,67.0,67.0,67.0,67.0,67.0,67.0,67.0,132.0,67.0,67.0,67.0,67.0,67.0,67.0,67.0,67.0,67.0,67.0,167.0,36.0,135.0,167.0,104.0
201,182.0,182.0,147.0,182.0,182.0,147.0,182.0,182.0,103.0,182.0,182.0,147.0,182.0,182.0,147.0,182.0,23.0,182.0,182.0,147.0,182.0,182.0,29.0,182.0,182.0,147.0,182.0,182.0,147.0,182.0,182.0,147.0,182.0,182.0,147.0,23.0,182.0,78.0,182.0,182.0,147.0,182.0,182.0,147.0,182.0,182.0,147.0,182.0,182.0,39.0
202,132.0,67.0,67.0,182.0,13.0,67.0,67.0,67.0,67.0,67.0,182.0,182.0,147.0,72.0,182.0,182.0,147.0,72.0,182.0,182.0,147.0,72.0,182.0,182.0,147.0,72.0,182.0,182.0,147.0,182.0,182.0,147.0,182.0,182.0,147.0,182.0,182.0,147.0,23.0,132.0,182.0,182.0,147.0,182.0,182.0,147.0,182.0,182.0,147.0,182.0
203,67.0,67.0,67.0,67.0,67.0,67.0,67.0,67.0,67.0,67.0,67.0,67.0,67.0,67.0,67.0,67.0,67.0,67.0,167.0,36.0,135.0,135.0,167.0,36.0,167.0,167.0,4.0,167.0,36.0,135.0,167.0,104.0,167.0,36.0,167.0,167.0,4.0,167.0,36.0,167.0,36.0,167.0,36.0,167.0,167.0,4.0,167.0,104.0,167.0,36.0
204,132.0,67.0,67.0,182.0,13.0,67.0,67.0,67.0,67.0,67.0,182.0,182.0,147.0,72.0,182.0,182.0,147.0,72.0,182.0,182.0,147.0,182.0,182.0,147.0,77.0,182.0,182.0,147.0,182.0,182.0,147.0,182.0,182.0,147.0,182.0,182.0,147.0,23.0,182.0,182.0,127.0,157.0,182.0,182.0,147.0,182.0,182.0,147.0,182.0,182.0
205,67.0,67.0,67.0,67.0,67.0,67.0,67.0,67.0,67.0,67.0,67.0,67.0,67.0,67.0,67.0,135.0,67.0,135.0,167.0,36.0,167.0,104.0,167.0,104.0,135.0,135.0,167.0,167.0,4.0,167.0,36.0,167.0,36.0,167.0,104.0,167.0,36.0,135.0,167.0,104.0,167.0,167.0,72.0,135.0,167.0,36.0,167.0,104.0,167.0,167.0
206,182.0,182.0,147.0,182.0,83.0,0.0,0.0,0.0,0.0,0.0,0.0,0.0,0.0,0.0,0.0,0.0,0.0,0.0,0.0,0.0,0.0,0.0,0.0,0.0,0.0,0.0,0.0,0.0,0.0,0.0,0.0,0.0,0.0,0.0,0.0,0.0,0.0,0.0,0.0,0.0,0.0,0.0,0.0,0.0,0.0,0.0,0.0,0.0,0.0,0.0
207,167.0,29.0,0.0,0.0,0.0,0.0,0.0,0.0,0.0,0.0,0.0,0.0,0.0,0.0,0.0,0.0,0.0,0.0,0.0,0.0,0.0,0.0,0.0,0.0,0.0,0.0,0.0,0.0,0.0,0.0,0.0,0.0,0.0,0.0,0.0,0.0,0.0,0.0,0.0,0.0,0.0,0.0,0.0,0.0,0.0,0.0,0.0,0.0,0.0,0.0
